{
	"info": {
		"_postman_id": "83949c11-8b33-45a2-b210-38728bbc6f31",
		"name": "NewsApi",
		"schema": "https://schema.getpostman.com/json/collection/v2.1.0/collection.json"
	},
	"item": [
		{
			"name": "Welcome",
			"request": {
				"method": "GET",
				"header": [],
				"url": {
					"raw": "http://localhost:8080/auth/welcome",
					"protocol": "http",
					"host": [
						"localhost"
					],
					"port": "8080",
					"path": [
						"auth",
						"welcome"
					]
				}
			},
			"response": []
		},
		{
			"name": "AddUser",
			"request": {
				"method": "POST",
				"header": [],
				"url": {
					"raw": "http://localhost:8080/auth/addUser",
					"protocol": "http",
					"host": [
						"localhost"
					],
					"port": "8080",
					"path": [
						"auth",
						"addUser"
					]
				}
			},
			"response": []
		},
		{
			"name": "Login Get Token",
			"request": {
				"method": "POST",
				"header": [],
				"body": {
					"mode": "raw",
					"raw": "{\r\n    \"username\":\"casestudy\",\r\n    \"password\":\"tech\"\r\n}",
					"options": {
						"raw": {
							"language": "json"
						}
					}
				},
				"url": {
					"raw": "http://localhost:8080/auth/login",
					"protocol": "http",
					"host": [
						"localhost"
					],
					"port": "8080",
					"path": [
						"auth",
						"login"
					]
				}
			},
			"response": []
		},
		{
			"name": "getAllUsers",
			"request": {
				"method": "GET",
				"header": [],
				"url": {
					"raw": "http://localhost:8080/auth/getAllUsers",
					"protocol": "http",
					"host": [
						"localhost"
					],
					"port": "8080",
					"path": [
						"auth",
						"getAllUsers"
					]
				}
			},
			"response": []
		},
		{
			"name": "New Request",
			"request": {
				"auth": {
					"type": "bearer",
					"bearer": [
						{
							"key": "token",
							"value": "eyJhbGciOiJIUzI1NiJ9.eyJzdWIiOiJjYXNlc3R1ZHkiLCJpYXQiOjE3MTUxNzQ4OTMsImV4cCI6MTcxNTIxMDg5M30.W0mHIrlg-jGFJY5H3M75X9kRLDrFrHPTwNFXpDBOwXM",
							"type": "string"
						}
					]
				},
				"method": "GET",
				"header": [],
				"url": {
					"raw": "http://localhost:8080/auth/getUsers/1",
					"protocol": "http",
					"host": [
						"localhost"
					],
					"port": "8080",
					"path": [
						"auth",
						"getUsers",
						"1"
					]
				}
			},
			"response": []
		}
	]
}